<?xml version="1.0" encoding="UTF-8"?>
<beans xmlns="http://www.springframework.org/schema/beans"
	xmlns:xsi="http://www.w3.org/2001/XMLSchema-instance"
	xsi:schemaLocation="
        http://www.springframework.org/schema/beans http://www.springframework.org/schema/beans/spring-beans.xsd">
	<bean name="c1" class="org.simplilearn.Course">
		<property name="cid" value="1"/>
		<property name="courseName" value="Java"/>
		<property name="fee" value="100"/>
	</bean>
	<bean name="c2" class="org.simplilearn.Course">
		<property name="cid" value="2"/>
		<property name="courseName" value=".net"/>
		<property name="fee" value="50"/>
	</bean>
	<bean name="c3" class="org.simplilearn.Course">
		<property name="cid" value="3"/>
		<property name="courseName" value="python"/>
		<property name="fee" value="200"/>
	</bean>
	<bean name="college" class="org.simplilearn.College">
		<property name="cid" value="1"/>
		<property name="name" value="Simplilearn"/>
		<property name="courses">
			<list>
				<ref bean="c1"/>
				<ref bean="c2"/>
				<ref bean="c3"/>
			</list>
		</property>
		
	</bean>
</beans>